#VER : 2,,././simple_cap_withGP_702um_verticalslice.csv
#emvu,16.56, Exported Data from:,simple_cap_withGP
#Frequency:,4.9e+08
#Drive:,Port 1,V,1,P,0,Port 2,V,-1,P,0,
#theLevel:,2,2
#Export Positions in:,UM,1e-06
#Export Steps:,1,UM, by,1,UM,Area,1,MKS Area,1e-12,m^2
#XY Magnitude,Complex Form,Amps/Meter
#X Directed
#Y Position
#X Position ->,702.000000
1199.50000, 0.01450677, +0.02276204, -2873.1763, -3395.80760
1198.50000, 0.01450677, +0.02276204, -2872.9564, -3395.54336
1197.50000, 0.01450677, +0.02276204, -2872.7364, -3395.27912
1196.50000, 0.01450677, +0.02276204, -2872.5164, -3395.01489
1195.50000, 0.01450677, +0.02276204, -2872.2964, -3394.75065
1194.50000, 0.01450677, +0.02276204, -2872.0765, -3394.48642
1193.50000, 0.01450677, +0.02276204, -2871.8565, -3394.22218
1192.50000, 0.01450677, +0.02276204, -2871.6365, -3393.95795
1191.50000, 0.01450677, +0.02276204, -2871.4166, -3393.69371
1190.50000, 0.01450677, +0.02276204, -2871.1966, -3393.42948
1189.50000, 0.01450677, +0.02276204, -2870.9766, -3393.16524
1188.50000, 0.01450677, +0.02276204, -2870.7566, -3392.90101
1187.50000, 0.01450677, +0.02276204, -2870.5367, -3392.63677
1186.50000, 0.01450677, +0.02276204, -2870.3167, -3392.37254
1185.50000, 0.01450677, +0.02276204, -2870.0967, -3392.10830
1184.50000, 0.01450677, +0.02276204, -2869.8767, -3391.84407
1183.50000, 0.01450677, +0.02276204, -2869.6568, -3391.57983
1182.50000, 0.01450677, +0.02276204, -2869.4368, -3391.31560
1181.50000, 0.01450677, +0.02276204, -2869.2168, -3391.05136
1180.50000, 0.01450677, +0.02276204, -2868.9969, -3390.78712
1179.50000, 0.01450677, +0.02276204, -2868.7769, -3390.52289
1178.50000, 0.01450677, +0.02276204, -2868.5569, -3390.25865
1177.50000, 0.01450677, +0.02276204, -2868.3369, -3389.99442
1176.50000, 0.01450677, +0.02276204, -2868.1170, -3389.73018
1175.50000, 0.01450677, +0.02276204, -2867.8970, -3389.46595
1174.50000, 0.01450677, +0.02276204, -2867.6770, -3389.20171
1173.50000, 0.01450677, +0.02276204, -2867.4570, -3388.93748
1172.50000, 0.01450677, +0.02276204, -2867.2371, -3388.67324
1171.50000, 0.01450677, +0.02276204, -2867.0171, -3388.40901
1170.50000, 0.01450677, +0.02276204, -2866.7971, -3388.14477
1169.50000, 0.01450677, +0.02276204, -2866.5771, -3387.88054
1168.50000, 0.01450677, +0.02276204, -2866.3572, -3387.61630
1167.50000, 0.01450677, +0.02276204, -2866.1372, -3387.35207
1166.50000, 0.01450677, +0.02276204, -2865.9172, -3387.08783
1165.50000, 0.01450677, +0.02276204, -2865.6973, -3386.82359
1164.50000, 0.01450677, +0.02276204, -2865.4773, -3386.55936
1163.50000, 0.01450677, +0.02276204, -2865.2573, -3386.29512
1162.50000, 0.01450677, +0.02276204, -2865.0373, -3386.03089
1161.50000, 0.01450677, +0.02276204, -2864.8174, -3385.76665
1160.50000, 0.01450677, +0.02276204, -2864.5974, -3385.50242
1159.50000, 0.01450677, +0.02276204, -2864.3774, -3385.23818
1158.50000, 0.01450677, +0.02276204, -2864.1574, -3384.97395
1157.50000, 0.01450677, +0.02276204, -2863.9375, -3384.70971
1156.50000, 0.01450677, +0.02276204, -2863.7175, -3384.44548
1155.50000, 0.01450677, +0.02276204, -2863.4975, -3384.18124
1154.50000, 0.01450677, +0.02276204, -2863.2775, -3383.91701
1153.50000, 0.01450677, +0.02276204, -2863.0576, -3383.65277
1152.50000, 0.01450677, +0.02276204, -2862.8376, -3383.38854
1151.50000, 0.01450677, +0.02276204, -2862.6176, -3383.12430
1150.50000, 0.01450677, +0.02276204, -2862.3977, -3382.86007
1149.50000, 0.01450677, +0.02276204, -2862.1777, -3382.59583
1148.50000, 0.01450677, +0.02276204, -2861.9577, -3382.33159
1147.50000, 0.01450677, +0.02276204, -2861.7377, -3382.06736
1146.50000, 0.01450677, +0.02276204, -2861.5178, -3381.80312
1145.50000, 0.01450677, +0.02276204, -2861.2978, -3381.53889
1144.50000, 0.01450677, +0.02276204, -2861.0778, -3381.27465
1143.50000, 0.01450677, +0.02276204, -2860.8578, -3381.01042
1142.50000, 0.01450677, +0.02276204, -2860.6379, -3380.74618
1141.50000, 0.01450677, +0.02276204, -2860.4179, -3380.48195
1140.50000, 0.01450677, +0.02276204, -2860.1979, -3380.21771
1139.50000, 0.01450677, +0.02276204, -2859.9779, -3379.95348
1138.50000, 0.01450677, +0.02276204, -2859.7580, -3379.68924
1137.50000, 0.01450677, +0.02276204, -2859.5380, -3379.42501
1136.50000, 0.01450677, +0.02276204, -2859.3180, -3379.16077
1135.50000, 0.01450677, +0.02276204, -2859.0981, -3378.89654
1134.50000, 0.01450677, +0.02276204, -2858.8781, -3378.63230
1133.50000, 0.01450677, +0.02276204, -2858.6581, -3378.36806
1132.50000, 0.01450677, +0.02276204, -2858.4381, -3378.10383
1131.50000, 0.01450677, +0.02276204, -2858.2182, -3377.83959
1130.50000, 0.01450677, +0.02276204, -2857.9982, -3377.57536
1129.50000, 0.01450677, +0.02276204, -2857.7782, -3377.31112
1128.50000, 0.01450677, +0.02276204, -2857.5582, -3377.04689
1127.50000, 0.01450677, +0.02276204, -2857.3383, -3376.78265
1126.50000, 0.01450677, +0.02276204, -2857.1183, -3376.51842
1125.50000, 0.01450677, +0.02276204, -2856.8983, -3376.25418
1124.50000, 0.01450677, +0.02276204, -2856.6784, -3375.98995
1123.50000, 0.01450677, +0.02276204, -2856.4584, -3375.72571
1122.50000, 0.01450677, +0.02276204, -2856.2384, -3375.46148
1121.50000, 0.01450677, +0.02276204, -2856.0184, -3375.19724
1120.50000, 0.01450677, +0.02276204, -2855.7985, -3374.93301
1119.50000, 0.01450677, +0.02276204, -2855.5785, -3374.66877
1118.50000, 0.01450677, +0.02276204, -2855.3585, -3374.40454
1117.50000, 0.01450677, +0.02276204, -2855.1385, -3374.14030
1116.50000, 0.01450677, +0.02276204, -2854.9186, -3373.87606
1115.50000, 0.01450677, +0.02276204, -2854.6986, -3373.61183
1114.50000, 0.01450677, +0.02276204, -2854.4786, -3373.34759
1113.50000, 0.01450677, +0.02276204, -2854.2586, -3373.08336
1112.50000, 0.01450677, +0.02276204, -2854.0387, -3372.81912
1111.50000, 0.01450677, +0.02276204, -2853.8187, -3372.55489
1110.50000, 0.01450677, +0.02276204, -2853.5987, -3372.29065
1109.50000, 0.01450677, +0.02276204, -2853.3788, -3372.02642
1108.50000, 0.01450677, +0.02276204, -2853.1588, -3371.76218
1107.50000, 0.01450677, +0.02276204, -2852.9388, -3371.49795
1106.50000, 0.01450677, +0.02276204, -2852.7188, -3371.23371
1105.50000, 0.01450677, +0.02276204, -2852.4989, -3370.96948
1104.50000, 0.01450677, +0.02276204, -2852.2789, -3370.70524
1103.50000, 0.01450677, +0.02276204, -2852.0589, -3370.44101
1102.50000, 0.01450677, +0.02276204, -2851.8389, -3370.17677
1101.50000, 0.01450677, +0.02276204, -2851.6190, -3369.91254
1100.50000, 0.01450677, +0.02276204, -2851.3990, -3369.64830
1099.50000, -3.8681099, -4.56805440, -2850.7382, -3368.86282
1098.50000, -3.8681099, -4.56805440, -2849.6364, -3367.55609
1097.50000, -3.8681099, -4.56805440, -2848.5347, -3366.24937
1096.50000, -3.8681099, -4.56805440, -2847.4330, -3364.94264
1095.50000, -3.8681099, -4.56805440, -2846.3313, -3363.63592
1094.50000, -3.8681099, -4.56805440, -2845.2296, -3362.32919
1093.50000, -3.8681099, -4.56805440, -2844.1279, -3361.02247
1092.50000, -3.8681099, -4.56805440, -2843.0262, -3359.71574
1091.50000, -3.8681099, -4.56805440, -2841.9245, -3358.40902
1090.50000, -3.8681099, -4.56805440, -2840.8228, -3357.10229
1089.50000, -3.8681099, -4.56805440, -2839.7210, -3355.79557
1088.50000, -3.8681099, -4.56805440, -2838.6193, -3354.48884
1087.50000, -3.8681099, -4.56805440, -2837.5176, -3353.18212
1086.50000, -3.8681099, -4.56805440, -2836.4159, -3351.87539
1085.50000, -3.8681099, -4.56805440, -2835.3142, -3350.56866
1084.50000, -3.8681099, -4.56805440, -2834.2125, -3349.26194
1083.50000, -3.8681099, -4.56805440, -2833.1108, -3347.95521
1082.50000, -3.8681099, -4.56805440, -2832.0091, -3346.64849
1081.50000, -3.8681099, -4.56805440, -2830.9074, -3345.34176
1080.50000, -3.8681099, -4.56805440, -2829.8057, -3344.03504
1079.50000, -3.8681099, -4.56805440, -2828.7039, -3342.72831
1078.50000, -3.8681099, -4.56805440, -2827.6022, -3341.42159
1077.50000, -3.8681099, -4.56805440, -2826.5005, -3340.11486
1076.50000, -3.8681099, -4.56805440, -2825.3988, -3338.80814
1075.50000, -3.8681099, -4.56805440, -2824.2971, -3337.50141
1074.50000, -3.8681099, -4.56805440, -2823.1954, -3336.19469
1073.50000, -3.8681099, -4.56805440, -2822.0937, -3334.88796
1072.50000, -3.8681099, -4.56805440, -2820.9920, -3333.58124
1071.50000, -3.8681099, -4.56805440, -2819.8903, -3332.27451
1070.50000, -3.8681099, -4.56805440, -2818.7885, -3330.96778
1069.50000, -3.8681099, -4.56805440, -2817.6868, -3329.66106
1068.50000, -3.8681099, -4.56805440, -2816.5851, -3328.35433
1067.50000, -3.8681099, -4.56805440, -2815.4834, -3327.04761
1066.50000, -3.8681099, -4.56805440, -2814.3817, -3325.74088
1065.50000, -3.8681099, -4.56805440, -2813.2800, -3324.43416
1064.50000, -3.8681099, -4.56805440, -2812.1783, -3323.12743
1063.50000, -3.8681099, -4.56805440, -2811.0766, -3321.82071
1062.50000, -3.8681099, -4.56805440, -2809.9749, -3320.51398
1061.50000, -3.8681099, -4.56805440, -2808.8731, -3319.20726
1060.50000, -3.8681099, -4.56805440, -2807.7714, -3317.90053
1059.50000, -3.8681099, -4.56805440, -2806.6697, -3316.59381
1058.50000, -3.8681099, -4.56805440, -2805.5680, -3315.28708
1057.50000, -3.8681099, -4.56805440, -2804.4663, -3313.98036
1056.50000, -3.8681099, -4.56805440, -2803.3646, -3312.67363
1055.50000, -3.8681099, -4.56805440, -2802.2629, -3311.36690
1054.50000, -3.8681099, -4.56805440, -2801.1612, -3310.06018
1053.50000, -3.8681099, -4.56805440, -2800.0595, -3308.75345
1052.50000, -3.8681099, -4.56805440, -2798.9578, -3307.44673
1051.50000, -3.8681099, -4.56805440, -2797.8560, -3306.14000
1050.50000, -3.8681099, -4.56805440, -2796.7543, -3304.83328
1049.50000, -3.8681099, -4.56805440, -2795.6526, -3303.52655
1048.50000, -3.8681099, -4.56805440, -2794.5509, -3302.21983
1047.50000, -3.8681099, -4.56805440, -2793.4492, -3300.91310
1046.50000, -3.8681099, -4.56805440, -2792.3475, -3299.60638
1045.50000, -3.8681099, -4.56805440, -2791.2458, -3298.29965
1044.50000, 0.69903541, +0.83199059, -2790.6852, -3297.63121
1043.50000, 0.69903541, +0.83199059, -2790.6658, -3297.60107
1042.50000, 0.69903541, +0.83199059, -2790.6464, -3297.57092
1041.50000, 0.69903541, +0.83199059, -2790.6270, -3297.54077
1040.50000, 0.69903541, +0.83199059, -2790.6076, -3297.51062
1039.50000, 0.69903541, +0.83199059, -2790.5882, -3297.48047
1038.50000, 0.69903541, +0.83199059, -2790.5688, -3297.45032
1037.50000, 0.69903541, +0.83199059, -2790.5494, -3297.42017
1036.50000, 0.69903541, +0.83199059, -2790.5300, -3297.39002
1035.50000, 0.69903541, +0.83199059, -2790.5106, -3297.35987
1034.50000, 0.69903541, +0.83199059, -2790.4911, -3297.32972
1033.50000, 0.69903541, +0.83199059, -2790.4717, -3297.29957
1032.50000, 0.69903541, +0.83199059, -2790.4523, -3297.26942
1031.50000, 0.69903541, +0.83199059, -2790.4329, -3297.23928
1030.50000, 0.69903541, +0.83199059, -2790.4135, -3297.20913
1029.50000, 0.69903541, +0.83199059, -2790.3941, -3297.17898
1028.50000, 0.69903541, +0.83199059, -2790.3747, -3297.14883
1027.50000, 0.69903541, +0.83199059, -2790.3553, -3297.11868
1026.50000, 0.69903541, +0.83199059, -2790.3359, -3297.08853
1025.50000, 0.69903541, +0.83199059, -2790.3165, -3297.05838
1024.50000, 0.69903541, +0.83199059, -2790.2971, -3297.02823
1023.50000, 0.69903541, +0.83199059, -2790.2777, -3296.99808
1022.50000, 0.69903541, +0.83199059, -2790.2583, -3296.96793
1021.50000, 0.69903541, +0.83199059, -2790.2388, -3296.93778
1020.50000, 0.69903541, +0.83199059, -2790.2194, -3296.90764
1019.50000, 0.69903541, +0.83199059, -2790.2000, -3296.87749
1018.50000, 0.69903541, +0.83199059, -2790.1806, -3296.84734
1017.50000, 0.69903541, +0.83199059, -2790.1612, -3296.81719
1016.50000, 0.69903541, +0.83199059, -2790.1418, -3296.78704
1015.50000, 0.69903541, +0.83199059, -2790.1224, -3296.75689
1014.50000, 0.69903541, +0.83199059, -2790.1030, -3296.72674
1013.50000, 0.69903541, +0.83199059, -2790.0836, -3296.69659
1012.50000, 0.69903541, +0.83199059, -2790.0642, -3296.66644
1011.50000, 0.69903541, +0.83199059, -2790.0448, -3296.63629
1010.50000, 0.69903541, +0.83199059, -2790.0254, -3296.60614
1009.50000, 0.69903541, +0.83199059, -2790.0059, -3296.57599
1008.50000, 0.69903541, +0.83199059, -2789.9865, -3296.54585
1007.50000, 0.69903541, +0.83199059, -2789.9671, -3296.51570
1006.50000, 0.69903541, +0.83199059, -2789.9477, -3296.48555
1005.50000, 0.69903541, +0.83199059, -2789.9283, -3296.45540
1004.50000, 0.69903541, +0.83199059, -2789.9089, -3296.42525
1003.50000, 0.69903541, +0.83199059, -2789.8895, -3296.39510
1002.50000, 0.69903541, +0.83199059, -2789.8701, -3296.36495
1001.50000, 0.69903541, +0.83199059, -2789.8507, -3296.33480
1000.50000, 0.69903541, +0.83199059, -2789.8313, -3296.30465
999.500000, 0.69903541, +0.83199059, -2789.8119, -3296.27450
998.500000, 0.69903541, +0.83199059, -2789.7925, -3296.24435
997.500000, 0.69903541, +0.83199059, -2789.7731, -3296.21421
996.500000, 0.69903541, +0.83199059, -2789.7536, -3296.18406
995.500000, 0.69903541, +0.83199059, -2789.7342, -3296.15391
994.500000, 0.69903541, +0.83199059, -2789.7148, -3296.12376
993.500000, 0.69903541, +0.83199059, -2789.6954, -3296.09361
992.500000, 0.69903541, +0.83199059, -2789.6760, -3296.06346
991.500000, 0.69903541, +0.83199059, -2789.6566, -3296.03331
990.500000, 0.69903541, +0.83199059, -2789.6372, -3296.00316
989.500000, -0.7345790, -0.85565643, -2789.4522, -3295.77607
988.500000, -0.7345790, -0.85565643, -2789.1015, -3295.35203
987.500000, -0.7345790, -0.85565643, -2788.7509, -3294.92799
986.500000, -0.7345790, -0.85565643, -2788.4003, -3294.50395
985.500000, -0.7345790, -0.85565643, -2788.0496, -3294.07991
984.500000, -0.7345790, -0.85565643, -2787.6990, -3293.65588
983.500000, -0.7345790, -0.85565643, -2787.3483, -3293.23184
982.500000, -0.7345790, -0.85565643, -2786.9977, -3292.80780
981.500000, -0.7345790, -0.85565643, -2786.6471, -3292.38376
980.500000, -0.7345790, -0.85565643, -2786.2964, -3291.95972
979.500000, -0.7345790, -0.85565643, -2785.9458, -3291.53568
978.500000, -0.7345790, -0.85565643, -2785.5951, -3291.11165
977.500000, -0.7345790, -0.85565643, -2785.2445, -3290.68761
976.500000, -0.7345790, -0.85565643, -2784.8938, -3290.26357
975.500000, -0.7345790, -0.85565643, -2784.5432, -3289.83953
974.500000, -0.7345790, -0.85565643, -2784.1926, -3289.41549
973.500000, -0.7345790, -0.85565643, -2783.8419, -3288.99146
972.500000, -0.7345790, -0.85565643, -2783.4913, -3288.56742
971.500000, -0.7345790, -0.85565643, -2783.1406, -3288.14338
970.500000, -0.7345790, -0.85565643, -2782.7900, -3287.71934
969.500000, -0.7345790, -0.85565643, -2782.4394, -3287.29530
968.500000, -0.7345790, -0.85565643, -2782.0887, -3286.87126
967.500000, -0.7345790, -0.85565643, -2781.7381, -3286.44723
966.500000, -0.7345790, -0.85565643, -2781.3874, -3286.02319
965.500000, -0.7345790, -0.85565643, -2781.0368, -3285.59915
964.500000, -0.7345790, -0.85565643, -2780.6862, -3285.17511
963.500000, -0.7345790, -0.85565643, -2780.3355, -3284.75107
962.500000, -0.7345790, -0.85565643, -2779.9849, -3284.32703
961.500000, -0.7345790, -0.85565643, -2779.6342, -3283.90300
960.500000, -0.7345790, -0.85565643, -2779.2836, -3283.47896
959.500000, -0.7345790, -0.85565643, -2778.9329, -3283.05492
958.500000, -0.7345790, -0.85565643, -2778.5823, -3282.63088
957.500000, -0.7345790, -0.85565643, -2778.2317, -3282.20684
956.500000, -0.7345790, -0.85565643, -2777.8810, -3281.78280
955.500000, -0.7345790, -0.85565643, -2777.5304, -3281.35877
954.500000, -0.7345790, -0.85565643, -2777.1797, -3280.93473
953.500000, -0.7345790, -0.85565643, -2776.8291, -3280.51069
952.500000, -0.7345790, -0.85565643, -2776.4785, -3280.08665
951.500000, -0.7345790, -0.85565643, -2776.1278, -3279.66261
950.500000, -0.7345790, -0.85565643, -2775.7772, -3279.23857
949.500000, -0.7345790, -0.85565643, -2775.4265, -3278.81454
948.500000, -0.7345790, -0.85565643, -2775.0759, -3278.39050
947.500000, -0.7345790, -0.85565643, -2774.7253, -3277.96646
946.500000, -0.7345790, -0.85565643, -2774.3746, -3277.54242
945.500000, -0.7345790, -0.85565643, -2774.0240, -3277.11838
944.500000, -0.7345790, -0.85565643, -2773.6733, -3276.69434
943.500000, -0.7345790, -0.85565643, -2773.3227, -3276.27031
942.500000, -0.7345790, -0.85565643, -2772.9721, -3275.84627
941.500000, -0.7345790, -0.85565643, -2772.6214, -3275.42223
940.500000, -0.7345790, -0.85565643, -2772.2708, -3274.99819
939.500000, -0.7345790, -0.85565643, -2771.9201, -3274.57415
938.500000, -0.7345790, -0.85565643, -2771.5695, -3274.15012
937.500000, -0.7345790, -0.85565643, -2771.2188, -3273.72608
936.500000, -0.7345790, -0.85565643, -2770.8682, -3273.30204
935.500000, -0.7345790, -0.85565643, -2770.5176, -3272.87800
934.500000, -0.7345790, -0.85565643, -2770.1669, -3272.45396
933.500000, -0.7345790, -0.85565643, -2769.8163, -3272.02992
932.500000, -0.7345790, -0.85565643, -2769.4656, -3271.60589
931.500000, -0.7345790, -0.85565643, -2769.1150, -3271.18185
930.500000, -0.7345790, -0.85565643, -2768.7644, -3270.75781
929.500000, -0.7345790, -0.85565643, -2768.4137, -3270.33377
928.500000, -0.7345790, -0.85565643, -2768.0631, -3269.90973
927.500000, -0.7345790, -0.85565643, -2767.7124, -3269.48569
926.500000, -0.7345790, -0.85565643, -2767.3618, -3269.06166
925.500000, -7.0601435, -8.30611789, -2765.8085, -3267.21981
924.500000, -7.0601435, -8.30611789, -2763.0525, -3263.96016
923.500000, -7.0601435, -8.30611789, -2760.2966, -3260.70050
922.500000, -7.0601435, -8.30611789, -2757.5406, -3257.44085
921.500000, -7.0601435, -8.30611789, -2754.7847, -3254.18120
920.500000, -7.0601435, -8.30611789, -2752.0287, -3250.92154
919.500000, -7.0601435, -8.30611789, -2749.2728, -3247.66189
918.500000, -7.0601435, -8.30611789, -2746.5168, -3244.40224
917.500000, -7.0601435, -8.30611789, -2743.7608, -3241.14258
916.500000, -7.0601435, -8.30611789, -2741.0049, -3237.88293
915.500000, -7.0601435, -8.30611789, -2738.2489, -3234.62328
914.500000, -7.0601435, -8.30611789, -2735.4930, -3231.36362
913.500000, -7.0601435, -8.30611789, -2732.7370, -3228.10397
912.500000, -7.0601435, -8.30611789, -2729.9811, -3224.84432
911.500000, -7.0601435, -8.30611789, -2727.2251, -3221.58466
910.500000, -7.0601435, -8.30611789, -2724.4692, -3218.32501
909.500000, -7.0601435, -8.30611789, -2721.7132, -3215.06536
908.500000, -7.0601435, -8.30611789, -2718.9572, -3211.80570
907.500000, -7.0601435, -8.30611789, -2716.2013, -3208.54605
906.500000, -7.0601435, -8.30611789, -2713.4453, -3205.28639
905.500000, -7.0601435, -8.30611789, -2710.6894, -3202.02674
904.500000, -7.0601435, -8.30611789, -2707.9334, -3198.76709
903.500000, -7.0601435, -8.30611789, -2705.1775, -3195.50743
902.500000, -7.0601435, -8.30611789, -2702.4215, -3192.24778
901.500000, -7.0601435, -8.30611789, -2699.6655, -3188.98813
900.500000, -7.0601435, -8.30611789, -2696.9096, -3185.72847
899.500000, -7.0601435, -8.30611789, -2694.1536, -3182.46882
898.500000, -7.0601435, -8.30611789, -2691.3977, -3179.20917
897.500000, -7.0601435, -8.30611789, -2688.6417, -3175.94951
896.500000, -7.0601435, -8.30611789, -2685.8858, -3172.68986
895.500000, -7.0601435, -8.30611789, -2683.1298, -3169.43021
894.500000, -7.0601435, -8.30611789, -2680.3738, -3166.17055
893.500000, -2.6465628, -3.05887810, -2676.4125, -3161.48903
892.500000, -2.6465628, -3.05887810, -2671.2457, -3155.38565
891.500000, -2.6465628, -3.05887810, -2666.0788, -3149.28226
890.500000, -2.6465628, -3.05887810, -2660.9120, -3143.17887
889.500000, -2.6465628, -3.05887810, -2655.7452, -3137.07549
888.500000, -2.6465628, -3.05887810, -2650.5784, -3130.97210
887.500000, -2.6465628, -3.05887810, -2645.4116, -3124.86871
886.500000, -2.6465628, -3.05887810, -2640.2448, -3118.76532
885.500000, -2.6465628, -3.05887810, -2635.0780, -3112.66194
884.500000, -2.6465628, -3.05887810, -2629.9112, -3106.55855
883.500000, -2.6465628, -3.05887810, -2624.7444, -3100.45516
882.500000, -2.6465628, -3.05887810, -2619.5776, -3094.35178
881.500000, -2.6465628, -3.05887810, -2614.4108, -3088.24839
880.500000, -2.6465628, -3.05887810, -2609.2440, -3082.14500
879.500000, -2.6465628, -3.05887810, -2604.0771, -3076.04162
878.500000, -2.6465628, -3.05887810, -2598.9103, -3069.93823
877.500000, 34.5825277, +40.9938369, -2597.5552, -3068.34320
876.500000, 34.5825277, +40.9938369, -2600.0117, -3071.25653
875.500000, 34.5825277, +40.9938369, -2602.4682, -3074.16986
874.500000, 34.5825277, +40.9938369, -2604.9247, -3077.08318
873.500000, 34.5825277, +40.9938369, -2607.3812, -3079.99651
872.500000, 34.5825277, +40.9938369, -2609.8376, -3082.90984
871.500000, 34.5825277, +40.9938369, -2612.2941, -3085.82317
870.500000, 34.5825277, +40.9938369, -2614.7506, -3088.73650
869.500000, 135.308420, +160.238559, -2573.8362, -3040.41843
868.500000, 135.308420, +160.238559, -2489.5508, -2940.86897
867.500000, 135.308420, +160.238559, -2405.2655, -2841.31951
866.500000, 135.308420, +160.238559, -2320.9801, -2741.77005
865.500000, 489.149989, +578.897663, -2154.5322, -2545.11535
864.500000, 489.149989, +578.897663, -1905.9218, -2251.35541
863.500000, 1290.72973, +1527.42000, -890.80829, -1052.23772
862.500000, 0.00000000, +0.00000000, 0.00000000, +0.00000000
861.500000, 0.00000000, +0.00000000, 0.00000000, +0.00000000
860.500000, 0.00000000, +0.00000000, 0.00000000, +0.00000000
859.500000, 0.00000000, +0.00000000, 0.00000000, +0.00000000
858.500000, 0.00000000, +0.00000000, 0.00000000, +0.00000000
857.500000, 0.00000000, +0.00000000, 0.00000000, +0.00000000
856.500000, 0.00000000, +0.00000000, 0.00000000, +0.00000000
855.500000, 0.00000000, +0.00000000, 0.00000000, +0.00000000
854.500000, 0.00000000, +0.00000000, 0.00000000, +0.00000000
853.500000, 0.00000000, +0.00000000, 0.00000000, +0.00000000
852.500000, 0.00000000, +0.00000000, 0.00000000, +0.00000000
851.500000, 0.00000000, +0.00000000, 0.00000000, +0.00000000
850.500000, 0.00000000, +0.00000000, 0.00000000, +0.00000000
849.500000, 0.00000000, +0.00000000, 0.00000000, +0.00000000
848.500000, 0.00000000, +0.00000000, 0.00000000, +0.00000000
847.500000, 0.00000000, +0.00000000, 0.00000000, +0.00000000
846.500000, 0.00000000, +0.00000000, 0.00000000, +0.00000000
845.500000, 0.00000000, +0.00000000, 0.00000000, +0.00000000
844.500000, 0.00000000, +0.00000000, 0.00000000, +0.00000000
843.500000, 0.00000000, +0.00000000, 0.00000000, +0.00000000
842.500000, 0.00000000, +0.00000000, 0.00000000, +0.00000000
841.500000, 0.00000000, +0.00000000, 0.00000000, +0.00000000
840.500000, 0.00000000, +0.00000000, 0.00000000, +0.00000000
839.500000, 0.00000000, +0.00000000, 0.00000000, +0.00000000
838.500000, 0.00000000, +0.00000000, 0.00000000, +0.00000000
837.500000, 0.00000000, +0.00000000, 0.00000000, +0.00000000
836.500000, 0.00000000, +0.00000000, 0.00000000, +0.00000000
835.500000, 0.00000000, +0.00000000, 0.00000000, +0.00000000
834.500000, 0.00000000, +0.00000000, 0.00000000, +0.00000000
833.500000, 0.00000000, +0.00000000, 0.00000000, +0.00000000
832.500000, 0.00000000, +0.00000000, 0.00000000, +0.00000000
831.500000, 0.00000000, +0.00000000, 0.00000000, +0.00000000
830.500000, 0.00000000, +0.00000000, 0.00000000, +0.00000000
829.500000, 0.00000000, +0.00000000, 0.00000000, +0.00000000
828.500000, 0.00000000, +0.00000000, 0.00000000, +0.00000000
827.500000, 0.00000000, +0.00000000, 0.00000000, +0.00000000
826.500000, 0.00000000, +0.00000000, 0.00000000, +0.00000000
825.500000, 0.00000000, +0.00000000, 0.00000000, +0.00000000
824.500000, 0.00000000, +0.00000000, 0.00000000, +0.00000000
823.500000, 0.00000000, +0.00000000, 0.00000000, +0.00000000
822.500000, 0.00000000, +0.00000000, 0.00000000, +0.00000000
821.500000, 0.00000000, +0.00000000, 0.00000000, +0.00000000
820.500000, 0.00000000, +0.00000000, 0.00000000, +0.00000000
819.500000, 0.00000000, +0.00000000, 0.00000000, +0.00000000
818.500000, 0.00000000, +0.00000000, 0.00000000, +0.00000000
817.500000, 0.00000000, +0.00000000, 0.00000000, +0.00000000
816.500000, 0.00000000, +0.00000000, 0.00000000, +0.00000000
815.500000, 0.00000000, +0.00000000, 0.00000000, +0.00000000
814.500000, 0.00000000, +0.00000000, 0.00000000, +0.00000000
813.500000, 0.00000000, +0.00000000, 0.00000000, +0.00000000
812.500000, 0.00000000, +0.00000000, 0.00000000, +0.00000000
811.500000, 0.00000000, +0.00000000, 0.00000000, +0.00000000
810.500000, 0.00000000, +0.00000000, 0.00000000, +0.00000000
809.500000, 0.00000000, +0.00000000, 0.00000000, +0.00000000
808.500000, 0.00000000, +0.00000000, 0.00000000, +0.00000000
807.500000, 0.00000000, +0.00000000, 0.00000000, +0.00000000
806.500000, 0.00000000, +0.00000000, 0.00000000, +0.00000000
805.500000, 0.00000000, +0.00000000, 0.00000000, +0.00000000
804.500000, 0.00000000, +0.00000000, 0.00000000, +0.00000000
803.500000, 0.00000000, +0.00000000, 0.00000000, +0.00000000
802.500000, 0.00000000, +0.00000000, 0.00000000, +0.00000000
801.500000, 0.00000000, +0.00000000, 0.00000000, +0.00000000
800.500000, 0.00000000, +0.00000000, 0.00000000, +0.00000000
799.500000, 0.00000000, +0.00000000, 0.00000000, +0.00000000
798.500000, 0.00000000, +0.00000000, 0.00000000, +0.00000000
797.500000, 0.00000000, +0.00000000, 0.00000000, +0.00000000
796.500000, 0.00000000, +0.00000000, 0.00000000, +0.00000000
795.500000, 0.00000000, +0.00000000, 0.00000000, +0.00000000
794.500000, 0.00000000, +0.00000000, 0.00000000, +0.00000000
793.500000, 0.00000000, +0.00000000, 0.00000000, +0.00000000
792.500000, 0.00000000, +0.00000000, 0.00000000, +0.00000000
791.500000, 0.00000000, +0.00000000, 0.00000000, +0.00000000
790.500000, 0.00000000, +0.00000000, 0.00000000, +0.00000000
789.500000, 0.00000000, +0.00000000, 0.00000000, +0.00000000
788.500000, 0.00000000, +0.00000000, 0.00000000, +0.00000000
787.500000, 0.00000000, +0.00000000, 0.00000000, +0.00000000
786.500000, 0.00000000, +0.00000000, 0.00000000, +0.00000000
785.500000, 0.00000000, +0.00000000, 0.00000000, +0.00000000
784.500000, 0.00000000, +0.00000000, 0.00000000, +0.00000000
783.500000, 0.00000000, +0.00000000, 0.00000000, +0.00000000
782.500000, 0.00000000, +0.00000000, 0.00000000, +0.00000000
781.500000, 0.00000000, +0.00000000, 0.00000000, +0.00000000
780.500000, 0.00000000, +0.00000000, 0.00000000, +0.00000000
779.500000, 0.00000000, +0.00000000, 0.00000000, +0.00000000
778.500000, 0.00000000, +0.00000000, 0.00000000, +0.00000000
777.500000, 0.00000000, +0.00000000, 0.00000000, +0.00000000
776.500000, 0.00000000, +0.00000000, 0.00000000, +0.00000000
775.500000, 0.00000000, +0.00000000, 0.00000000, +0.00000000
774.500000, 0.00000000, +0.00000000, 0.00000000, +0.00000000
773.500000, 0.00000000, +0.00000000, 0.00000000, +0.00000000
772.500000, 0.00000000, +0.00000000, 0.00000000, +0.00000000
771.500000, 0.00000000, +0.00000000, 0.00000000, +0.00000000
770.500000, 0.00000000, +0.00000000, 0.00000000, +0.00000000
769.500000, 0.00000000, +0.00000000, 0.00000000, +0.00000000
768.500000, 0.00000000, +0.00000000, 0.00000000, +0.00000000
767.500000, 0.00000000, +0.00000000, 0.00000000, +0.00000000
766.500000, 0.00000000, +0.00000000, 0.00000000, +0.00000000
765.500000, 0.00000000, +0.00000000, 0.00000000, +0.00000000
764.500000, 0.00000000, +0.00000000, 0.00000000, +0.00000000
763.500000, 0.00000000, +0.00000000, 0.00000000, +0.00000000
762.500000, 0.00000000, +0.00000000, 0.00000000, +0.00000000
761.500000, 0.00000000, +0.00000000, 0.00000000, +0.00000000
760.500000, 0.00000000, +0.00000000, 0.00000000, +0.00000000
759.500000, 0.00000000, +0.00000000, 0.00000000, +0.00000000
758.500000, 0.00000000, +0.00000000, 0.00000000, +0.00000000
757.500000, 0.00000000, +0.00000000, 0.00000000, +0.00000000
756.500000, 0.00000000, +0.00000000, 0.00000000, +0.00000000
755.500000, 0.00000000, +0.00000000, 0.00000000, +0.00000000
754.500000, 0.00000000, +0.00000000, 0.00000000, +0.00000000
753.500000, 0.00000000, +0.00000000, 0.00000000, +0.00000000
752.500000, 0.00000000, +0.00000000, 0.00000000, +0.00000000
751.500000, 0.00000000, +0.00000000, 0.00000000, +0.00000000
750.500000, 0.00000000, +0.00000000, 0.00000000, +0.00000000
749.500000, 0.00000000, +0.00000000, 0.00000000, +0.00000000
748.500000, 0.00000000, +0.00000000, 0.00000000, +0.00000000
747.500000, 0.00000000, +0.00000000, 0.00000000, +0.00000000
746.500000, 0.00000000, +0.00000000, 0.00000000, +0.00000000
745.500000, 0.00000000, +0.00000000, 0.00000000, +0.00000000
744.500000, 0.00000000, +0.00000000, 0.00000000, +0.00000000
743.500000, 0.00000000, +0.00000000, 0.00000000, +0.00000000
742.500000, 0.00000000, +0.00000000, 0.00000000, +0.00000000
741.500000, 0.00000000, +0.00000000, 0.00000000, +0.00000000
740.500000, 0.00000000, +0.00000000, 0.00000000, +0.00000000
739.500000, 0.00000000, +0.00000000, 0.00000000, +0.00000000
738.500000, 0.00000000, +0.00000000, 0.00000000, +0.00000000
737.500000, 0.00000000, +0.00000000, 0.00000000, +0.00000000
736.500000, 0.00000000, +0.00000000, 0.00000000, +0.00000000
735.500000, 0.00000000, +0.00000000, 0.00000000, +0.00000000
734.500000, 0.00000000, +0.00000000, 0.00000000, +0.00000000
733.500000, 0.00000000, +0.00000000, 0.00000000, +0.00000000
732.500000, 0.00000000, +0.00000000, 0.00000000, +0.00000000
731.500000, 0.00000000, +0.00000000, 0.00000000, +0.00000000
730.500000, 0.00000000, +0.00000000, 0.00000000, +0.00000000
729.500000, 0.00000000, +0.00000000, 0.00000000, +0.00000000
728.500000, 0.00000000, +0.00000000, 0.00000000, +0.00000000
727.500000, 0.00000000, +0.00000000, 0.00000000, +0.00000000
726.500000, 0.00000000, +0.00000000, 0.00000000, +0.00000000
725.500000, 0.00000000, +0.00000000, 0.00000000, +0.00000000
724.500000, 0.00000000, +0.00000000, 0.00000000, +0.00000000
723.500000, 0.00000000, +0.00000000, 0.00000000, +0.00000000
722.500000, 0.00000000, +0.00000000, 0.00000000, +0.00000000
721.500000, 0.00000000, +0.00000000, 0.00000000, +0.00000000
720.500000, 0.00000000, +0.00000000, 0.00000000, +0.00000000
719.500000, 0.00000000, +0.00000000, 0.00000000, +0.00000000
718.500000, 0.00000000, +0.00000000, 0.00000000, +0.00000000
717.500000, 0.00000000, +0.00000000, 0.00000000, +0.00000000
716.500000, 0.00000000, +0.00000000, 0.00000000, +0.00000000
715.500000, 0.00000000, +0.00000000, 0.00000000, +0.00000000
714.500000, 0.00000000, +0.00000000, 0.00000000, +0.00000000
713.500000, 0.00000000, +0.00000000, 0.00000000, +0.00000000
712.500000, 0.00000000, +0.00000000, 0.00000000, +0.00000000
711.500000, 0.00000000, +0.00000000, 0.00000000, +0.00000000
710.500000, 0.00000000, +0.00000000, 0.00000000, +0.00000000
709.500000, 0.00000000, +0.00000000, 0.00000000, +0.00000000
708.500000, 0.00000000, +0.00000000, 0.00000000, +0.00000000
707.500000, 0.00000000, +0.00000000, 0.00000000, +0.00000000
706.500000, 0.00000000, +0.00000000, 0.00000000, +0.00000000
705.500000, 0.00000000, +0.00000000, 0.00000000, +0.00000000
704.500000, 0.00000000, +0.00000000, 0.00000000, +0.00000000
703.500000, 0.00000000, +0.00000000, 0.00000000, +0.00000000
702.500000, 0.00000000, +0.00000000, 0.00000000, +0.00000000
701.500000, 0.00000000, +0.00000000, 0.00000000, +0.00000000
700.500000, 0.00000000, +0.00000000, 0.00000000, +0.00000000
699.500000, 0.00000000, +0.00000000, 0.00000000, +0.00000000
698.500000, 0.00000000, +0.00000000, 0.00000000, +0.00000000
697.500000, 0.00000000, +0.00000000, 0.00000000, +0.00000000
696.500000, 0.00000000, +0.00000000, 0.00000000, +0.00000000
695.500000, 0.00000000, +0.00000000, 0.00000000, +0.00000000
694.500000, 0.00000000, +0.00000000, 0.00000000, +0.00000000
693.500000, 0.00000000, +0.00000000, 0.00000000, +0.00000000
692.500000, 0.00000000, +0.00000000, 0.00000000, +0.00000000
691.500000, 0.00000000, +0.00000000, 0.00000000, +0.00000000
690.500000, 0.00000000, +0.00000000, 0.00000000, +0.00000000
689.500000, 0.00000000, +0.00000000, 0.00000000, +0.00000000
688.500000, 0.00000000, +0.00000000, 0.00000000, +0.00000000
687.500000, 0.00000000, +0.00000000, 0.00000000, +0.00000000
686.500000, 0.00000000, +0.00000000, 0.00000000, +0.00000000
685.500000, 0.00000000, +0.00000000, 0.00000000, +0.00000000
684.500000, 0.00000000, +0.00000000, 0.00000000, +0.00000000
683.500000, 0.00000000, +0.00000000, 0.00000000, +0.00000000
682.500000, 0.00000000, +0.00000000, 0.00000000, +0.00000000
681.500000, 0.00000000, +0.00000000, 0.00000000, +0.00000000
680.500000, 0.00000000, +0.00000000, 0.00000000, +0.00000000
679.500000, 0.00000000, +0.00000000, 0.00000000, +0.00000000
678.500000, 0.00000000, +0.00000000, 0.00000000, +0.00000000
677.500000, 0.00000000, +0.00000000, 0.00000000, +0.00000000
676.500000, 0.00000000, +0.00000000, 0.00000000, +0.00000000
675.500000, 0.00000000, +0.00000000, 0.00000000, +0.00000000
674.500000, 0.00000000, +0.00000000, 0.00000000, +0.00000000
673.500000, 0.00000000, +0.00000000, 0.00000000, +0.00000000
672.500000, 0.00000000, +0.00000000, 0.00000000, +0.00000000
671.500000, 0.00000000, +0.00000000, 0.00000000, +0.00000000
670.500000, 0.00000000, +0.00000000, 0.00000000, +0.00000000
669.500000, 0.00000000, +0.00000000, 0.00000000, +0.00000000
668.500000, 0.00000000, +0.00000000, 0.00000000, +0.00000000
667.500000, 0.00000000, +0.00000000, 0.00000000, +0.00000000
666.500000, 0.00000000, +0.00000000, 0.00000000, +0.00000000
665.500000, 0.00000000, +0.00000000, 0.00000000, +0.00000000
664.500000, 0.00000000, +0.00000000, 0.00000000, +0.00000000
663.500000, 0.00000000, +0.00000000, 0.00000000, +0.00000000
662.500000, 0.00000000, +0.00000000, 0.00000000, +0.00000000
661.500000, 0.00000000, +0.00000000, 0.00000000, +0.00000000
660.500000, 0.00000000, +0.00000000, 0.00000000, +0.00000000
659.500000, 0.00000000, +0.00000000, 0.00000000, +0.00000000
658.500000, 0.00000000, +0.00000000, 0.00000000, +0.00000000
657.500000, 0.00000000, +0.00000000, 0.00000000, +0.00000000
656.500000, 0.00000000, +0.00000000, 0.00000000, +0.00000000
655.500000, 0.00000000, +0.00000000, 0.00000000, +0.00000000
654.500000, 0.00000000, +0.00000000, 0.00000000, +0.00000000
653.500000, 0.00000000, +0.00000000, 0.00000000, +0.00000000
652.500000, 0.00000000, +0.00000000, 0.00000000, +0.00000000
651.500000, 0.00000000, +0.00000000, 0.00000000, +0.00000000
650.500000, 0.00000000, +0.00000000, 0.00000000, +0.00000000
649.500000, 0.00000000, +0.00000000, 0.00000000, +0.00000000
648.500000, 0.00000000, +0.00000000, 0.00000000, +0.00000000
647.500000, 0.00000000, +0.00000000, 0.00000000, +0.00000000
646.500000, 0.00000000, +0.00000000, 0.00000000, +0.00000000
645.500000, 0.00000000, +0.00000000, 0.00000000, +0.00000000
644.500000, 0.00000000, +0.00000000, 0.00000000, +0.00000000
643.500000, 0.00000000, +0.00000000, 0.00000000, +0.00000000
642.500000, 0.00000000, +0.00000000, 0.00000000, +0.00000000
641.500000, 0.00000000, +0.00000000, 0.00000000, +0.00000000
640.500000, 0.00000000, +0.00000000, 0.00000000, +0.00000000
639.500000, 0.00000000, +0.00000000, 0.00000000, +0.00000000
638.500000, 0.00000000, +0.00000000, 0.00000000, +0.00000000
637.500000, 0.00000000, +0.00000000, 0.00000000, +0.00000000
636.500000, 0.00000000, +0.00000000, 0.00000000, +0.00000000
635.500000, 0.00000000, +0.00000000, 0.00000000, +0.00000000
634.500000, 0.00000000, +0.00000000, 0.00000000, +0.00000000
633.500000, 0.00000000, +0.00000000, 0.00000000, +0.00000000
632.500000, 0.00000000, +0.00000000, 0.00000000, +0.00000000
631.500000, 0.00000000, +0.00000000, 0.00000000, +0.00000000
630.500000, 0.00000000, +0.00000000, 0.00000000, +0.00000000
629.500000, 0.00000000, +0.00000000, 0.00000000, +0.00000000
628.500000, 0.00000000, +0.00000000, 0.00000000, +0.00000000
627.500000, 0.00000000, +0.00000000, 0.00000000, +0.00000000
626.500000, 0.00000000, +0.00000000, 0.00000000, +0.00000000
625.500000, 0.00000000, +0.00000000, 0.00000000, +0.00000000
624.500000, 0.00000000, +0.00000000, 0.00000000, +0.00000000
623.500000, 0.00000000, +0.00000000, 0.00000000, +0.00000000
622.500000, 0.00000000, +0.00000000, 0.00000000, +0.00000000
621.500000, 0.00000000, +0.00000000, 0.00000000, +0.00000000
620.500000, 0.00000000, +0.00000000, 0.00000000, +0.00000000
619.500000, 0.00000000, +0.00000000, 0.00000000, +0.00000000
618.500000, 0.00000000, +0.00000000, 0.00000000, +0.00000000
617.500000, 0.00000000, +0.00000000, 0.00000000, +0.00000000
616.500000, 0.00000000, +0.00000000, 0.00000000, +0.00000000
615.500000, 0.00000000, +0.00000000, 0.00000000, +0.00000000
614.500000, 0.00000000, +0.00000000, 0.00000000, +0.00000000
613.500000, 0.00000000, +0.00000000, 0.00000000, +0.00000000
612.500000, 0.00000000, +0.00000000, 0.00000000, +0.00000000
611.500000, 0.00000000, +0.00000000, 0.00000000, +0.00000000
610.500000, 0.00000000, +0.00000000, 0.00000000, +0.00000000
609.500000, 0.00000000, +0.00000000, 0.00000000, +0.00000000
608.500000, 0.00000000, +0.00000000, 0.00000000, +0.00000000
607.500000, 0.00000000, +0.00000000, 0.00000000, +0.00000000
606.500000, 0.00000000, +0.00000000, 0.00000000, +0.00000000
605.500000, 0.00000000, +0.00000000, 0.00000000, +0.00000000
604.500000, 0.00000000, +0.00000000, 0.00000000, +0.00000000
603.500000, 0.00000000, +0.00000000, 0.00000000, +0.00000000
602.500000, 0.00000000, +0.00000000, 0.00000000, +0.00000000
601.500000, 0.00000000, +0.00000000, 0.00000000, +0.00000000
600.500000, 0.00000000, +0.00000000, 0.00000000, +0.00000000
599.500000, 0.00000000, +0.00000000, 0.00000000, +0.00000000
598.500000, 0.00000000, +0.00000000, 0.00000000, +0.00000000
597.500000, 0.00000000, +0.00000000, 0.00000000, +0.00000000
596.500000, 0.00000000, +0.00000000, 0.00000000, +0.00000000
595.500000, 0.00000000, +0.00000000, 0.00000000, +0.00000000
594.500000, 0.00000000, +0.00000000, 0.00000000, +0.00000000
593.500000, 0.00000000, +0.00000000, 0.00000000, +0.00000000
592.500000, 0.00000000, +0.00000000, 0.00000000, +0.00000000
591.500000, 0.00000000, +0.00000000, 0.00000000, +0.00000000
590.500000, 0.00000000, +0.00000000, 0.00000000, +0.00000000
589.500000, 0.00000000, +0.00000000, 0.00000000, +0.00000000
588.500000, 0.00000000, +0.00000000, 0.00000000, +0.00000000
587.500000, 0.00000000, +0.00000000, 0.00000000, +0.00000000
586.500000, 0.00000000, +0.00000000, 0.00000000, +0.00000000
585.500000, 0.00000000, +0.00000000, 0.00000000, +0.00000000
584.500000, 0.00000000, +0.00000000, 0.00000000, +0.00000000
583.500000, 0.00000000, +0.00000000, 0.00000000, +0.00000000
582.500000, 0.00000000, +0.00000000, 0.00000000, +0.00000000
581.500000, 0.00000000, +0.00000000, 0.00000000, +0.00000000
580.500000, 0.00000000, +0.00000000, 0.00000000, +0.00000000
579.500000, 0.00000000, +0.00000000, 0.00000000, +0.00000000
578.500000, 0.00000000, +0.00000000, 0.00000000, +0.00000000
577.500000, 0.00000000, +0.00000000, 0.00000000, +0.00000000
576.500000, 0.00000000, +0.00000000, 0.00000000, +0.00000000
575.500000, 0.00000000, +0.00000000, 0.00000000, +0.00000000
574.500000, 0.00000000, +0.00000000, 0.00000000, +0.00000000
573.500000, 0.00000000, +0.00000000, 0.00000000, +0.00000000
572.500000, 0.00000000, +0.00000000, 0.00000000, +0.00000000
571.500000, 0.00000000, +0.00000000, 0.00000000, +0.00000000
570.500000, 0.00000000, +0.00000000, 0.00000000, +0.00000000
569.500000, 0.00000000, +0.00000000, 0.00000000, +0.00000000
568.500000, 0.00000000, +0.00000000, 0.00000000, +0.00000000
567.500000, 0.00000000, +0.00000000, 0.00000000, +0.00000000
566.500000, 0.00000000, +0.00000000, 0.00000000, +0.00000000
565.500000, 0.00000000, +0.00000000, 0.00000000, +0.00000000
564.500000, 0.00000000, +0.00000000, 0.00000000, +0.00000000
563.500000, 0.00000000, +0.00000000, 0.00000000, +0.00000000
562.500000, 0.00000000, +0.00000000, 0.00000000, +0.00000000
561.500000, 0.00000000, +0.00000000, 0.00000000, +0.00000000
560.500000, 0.00000000, +0.00000000, 0.00000000, +0.00000000
559.500000, 0.00000000, +0.00000000, 0.00000000, +0.00000000
558.500000, 0.00000000, +0.00000000, 0.00000000, +0.00000000
557.500000, 0.00000000, +0.00000000, 0.00000000, +0.00000000
556.500000, 0.00000000, +0.00000000, 0.00000000, +0.00000000
555.500000, 0.00000000, +0.00000000, 0.00000000, +0.00000000
554.500000, 0.00000000, +0.00000000, 0.00000000, +0.00000000
553.500000, 0.00000000, +0.00000000, 0.00000000, +0.00000000
552.500000, 0.00000000, +0.00000000, 0.00000000, +0.00000000
551.500000, 0.00000000, +0.00000000, 0.00000000, +0.00000000
550.500000, 0.00000000, +0.00000000, 0.00000000, +0.00000000
549.500000, 0.00000000, +0.00000000, 0.00000000, +0.00000000
548.500000, 0.00000000, +0.00000000, 0.00000000, +0.00000000
547.500000, 0.00000000, +0.00000000, 0.00000000, +0.00000000
546.500000, 0.00000000, +0.00000000, 0.00000000, +0.00000000
545.500000, 0.00000000, +0.00000000, 0.00000000, +0.00000000
544.500000, 0.00000000, +0.00000000, 0.00000000, +0.00000000
543.500000, 0.00000000, +0.00000000, 0.00000000, +0.00000000
542.500000, 0.00000000, +0.00000000, 0.00000000, +0.00000000
541.500000, 0.00000000, +0.00000000, 0.00000000, +0.00000000
540.500000, 0.00000000, +0.00000000, 0.00000000, +0.00000000
539.500000, 0.00000000, +0.00000000, 0.00000000, +0.00000000
538.500000, 0.00000000, +0.00000000, 0.00000000, +0.00000000
537.500000, 0.00000000, +0.00000000, 0.00000000, +0.00000000
536.500000, 0.00000000, +0.00000000, 0.00000000, +0.00000000
535.500000, 0.00000000, +0.00000000, 0.00000000, +0.00000000
534.500000, 0.00000000, +0.00000000, 0.00000000, +0.00000000
533.500000, 0.00000000, +0.00000000, 0.00000000, +0.00000000
532.500000, 0.00000000, +0.00000000, 0.00000000, +0.00000000
531.500000, 0.00000000, +0.00000000, 0.00000000, +0.00000000
530.500000, 0.00000000, +0.00000000, 0.00000000, +0.00000000
529.500000, 0.00000000, +0.00000000, 0.00000000, +0.00000000
528.500000, 0.00000000, +0.00000000, 0.00000000, +0.00000000
527.500000, 0.00000000, +0.00000000, 0.00000000, +0.00000000
526.500000, 0.00000000, +0.00000000, 0.00000000, +0.00000000
525.500000, 0.00000000, +0.00000000, 0.00000000, +0.00000000
524.500000, 0.00000000, +0.00000000, 0.00000000, +0.00000000
523.500000, 0.00000000, +0.00000000, 0.00000000, +0.00000000
522.500000, 0.00000000, +0.00000000, 0.00000000, +0.00000000
521.500000, 0.00000000, +0.00000000, 0.00000000, +0.00000000
520.500000, 0.00000000, +0.00000000, 0.00000000, +0.00000000
519.500000, 0.00000000, +0.00000000, 0.00000000, +0.00000000
518.500000, 0.00000000, +0.00000000, 0.00000000, +0.00000000
517.500000, 0.00000000, +0.00000000, 0.00000000, +0.00000000
516.500000, 0.00000000, +0.00000000, 0.00000000, +0.00000000
515.500000, 0.00000000, +0.00000000, 0.00000000, +0.00000000
514.500000, 0.00000000, +0.00000000, 0.00000000, +0.00000000
513.500000, 0.00000000, +0.00000000, 0.00000000, +0.00000000
512.500000, 0.00000000, +0.00000000, 0.00000000, +0.00000000
511.500000, 0.00000000, +0.00000000, 0.00000000, +0.00000000
510.500000, 0.00000000, +0.00000000, 0.00000000, +0.00000000
509.500000, 0.00000000, +0.00000000, 0.00000000, +0.00000000
508.500000, 0.00000000, +0.00000000, 0.00000000, +0.00000000
507.500000, 0.00000000, +0.00000000, 0.00000000, +0.00000000
506.500000, 0.00000000, +0.00000000, 0.00000000, +0.00000000
505.500000, 0.00000000, +0.00000000, 0.00000000, +0.00000000
504.500000, 0.00000000, +0.00000000, 0.00000000, +0.00000000
503.500000, 0.00000000, +0.00000000, 0.00000000, +0.00000000
502.500000, 0.00000000, +0.00000000, 0.00000000, +0.00000000
501.500000, 0.00000000, +0.00000000, 0.00000000, +0.00000000
500.500000, 0.00000000, +0.00000000, 0.00000000, +0.00000000
499.500000, 0.00000000, +0.00000000, 0.00000000, +0.00000000
498.500000, 0.00000000, +0.00000000, 0.00000000, +0.00000000
497.500000, 0.00000000, +0.00000000, 0.00000000, +0.00000000
496.500000, 0.00000000, +0.00000000, 0.00000000, +0.00000000
495.500000, 0.00000000, +0.00000000, 0.00000000, +0.00000000
494.500000, 0.00000000, +0.00000000, 0.00000000, +0.00000000
493.500000, 0.00000000, +0.00000000, 0.00000000, +0.00000000
492.500000, 0.00000000, +0.00000000, 0.00000000, +0.00000000
491.500000, 0.00000000, +0.00000000, 0.00000000, +0.00000000
490.500000, 0.00000000, +0.00000000, 0.00000000, +0.00000000
489.500000, 0.00000000, +0.00000000, 0.00000000, +0.00000000
488.500000, 0.00000000, +0.00000000, 0.00000000, +0.00000000
487.500000, 0.00000000, +0.00000000, 0.00000000, +0.00000000
486.500000, 0.00000000, +0.00000000, 0.00000000, +0.00000000
485.500000, 0.00000000, +0.00000000, 0.00000000, +0.00000000
484.500000, 0.00000000, +0.00000000, 0.00000000, +0.00000000
483.500000, 0.00000000, +0.00000000, 0.00000000, +0.00000000
482.500000, 0.00000000, +0.00000000, 0.00000000, +0.00000000
481.500000, 0.00000000, +0.00000000, 0.00000000, +0.00000000
480.500000, 0.00000000, +0.00000000, 0.00000000, +0.00000000
479.500000, 0.00000000, +0.00000000, 0.00000000, +0.00000000
478.500000, 0.00000000, +0.00000000, 0.00000000, +0.00000000
477.500000, 0.00000000, +0.00000000, 0.00000000, +0.00000000
476.500000, 0.00000000, +0.00000000, 0.00000000, +0.00000000
475.500000, 0.00000000, +0.00000000, 0.00000000, +0.00000000
474.500000, 0.00000000, +0.00000000, 0.00000000, +0.00000000
473.500000, 0.00000000, +0.00000000, 0.00000000, +0.00000000
472.500000, 0.00000000, +0.00000000, 0.00000000, +0.00000000
471.500000, 0.00000000, +0.00000000, 0.00000000, +0.00000000
470.500000, 0.00000000, +0.00000000, 0.00000000, +0.00000000
469.500000, 0.00000000, +0.00000000, 0.00000000, +0.00000000
468.500000, 0.00000000, +0.00000000, 0.00000000, +0.00000000
467.500000, 0.00000000, +0.00000000, 0.00000000, +0.00000000
466.500000, 0.00000000, +0.00000000, 0.00000000, +0.00000000
465.500000, 0.00000000, +0.00000000, 0.00000000, +0.00000000
464.500000, 0.00000000, +0.00000000, 0.00000000, +0.00000000
463.500000, 0.00000000, +0.00000000, 0.00000000, +0.00000000
462.500000, 0.00000000, +0.00000000, 0.00000000, +0.00000000
461.500000, 0.00000000, +0.00000000, 0.00000000, +0.00000000
460.500000, 0.00000000, +0.00000000, 0.00000000, +0.00000000
459.500000, 0.00000000, +0.00000000, 0.00000000, +0.00000000
458.500000, 0.00000000, +0.00000000, 0.00000000, +0.00000000
457.500000, 0.00000000, +0.00000000, 0.00000000, +0.00000000
456.500000, 0.00000000, +0.00000000, 0.00000000, +0.00000000
455.500000, 0.00000000, +0.00000000, 0.00000000, +0.00000000
454.500000, 0.00000000, +0.00000000, 0.00000000, +0.00000000
453.500000, 0.00000000, +0.00000000, 0.00000000, +0.00000000
452.500000, 0.00000000, +0.00000000, 0.00000000, +0.00000000
451.500000, 0.00000000, +0.00000000, 0.00000000, +0.00000000
450.500000, 0.00000000, +0.00000000, 0.00000000, +0.00000000
449.500000, 0.00000000, +0.00000000, 0.00000000, +0.00000000
448.500000, 0.00000000, +0.00000000, 0.00000000, +0.00000000
447.500000, 0.00000000, +0.00000000, 0.00000000, +0.00000000
446.500000, 0.00000000, +0.00000000, 0.00000000, +0.00000000
445.500000, 0.00000000, +0.00000000, 0.00000000, +0.00000000
444.500000, 0.00000000, +0.00000000, 0.00000000, +0.00000000
443.500000, 0.00000000, +0.00000000, 0.00000000, +0.00000000
442.500000, 0.00000000, +0.00000000, 0.00000000, +0.00000000
441.500000, 0.00000000, +0.00000000, 0.00000000, +0.00000000
440.500000, 0.00000000, +0.00000000, 0.00000000, +0.00000000
439.500000, 0.00000000, +0.00000000, 0.00000000, +0.00000000
438.500000, 0.00000000, +0.00000000, 0.00000000, +0.00000000
437.500000, 0.00000000, +0.00000000, 0.00000000, +0.00000000
436.500000, 0.00000000, +0.00000000, 0.00000000, +0.00000000
435.500000, 0.00000000, +0.00000000, 0.00000000, +0.00000000
434.500000, 0.00000000, +0.00000000, 0.00000000, +0.00000000
433.500000, 0.00000000, +0.00000000, 0.00000000, +0.00000000
432.500000, 0.00000000, +0.00000000, 0.00000000, +0.00000000
431.500000, 0.00000000, +0.00000000, 0.00000000, +0.00000000
430.500000, 0.00000000, +0.00000000, 0.00000000, +0.00000000
429.500000, 0.00000000, +0.00000000, 0.00000000, +0.00000000
428.500000, 0.00000000, +0.00000000, 0.00000000, +0.00000000
427.500000, 0.00000000, +0.00000000, 0.00000000, +0.00000000
426.500000, 0.00000000, +0.00000000, 0.00000000, +0.00000000
425.500000, 0.00000000, +0.00000000, 0.00000000, +0.00000000
424.500000, 0.00000000, +0.00000000, 0.00000000, +0.00000000
423.500000, 0.00000000, +0.00000000, 0.00000000, +0.00000000
422.500000, 0.00000000, +0.00000000, 0.00000000, +0.00000000
421.500000, 0.00000000, +0.00000000, 0.00000000, +0.00000000
420.500000, 0.00000000, +0.00000000, 0.00000000, +0.00000000
419.500000, 0.00000000, +0.00000000, 0.00000000, +0.00000000
418.500000, 0.00000000, +0.00000000, 0.00000000, +0.00000000
417.500000, 0.00000000, +0.00000000, 0.00000000, +0.00000000
416.500000, 0.00000000, +0.00000000, 0.00000000, +0.00000000
415.500000, 0.00000000, +0.00000000, 0.00000000, +0.00000000
414.500000, 0.00000000, +0.00000000, 0.00000000, +0.00000000
413.500000, 0.00000000, +0.00000000, 0.00000000, +0.00000000
412.500000, 0.00000000, +0.00000000, 0.00000000, +0.00000000
411.500000, 0.00000000, +0.00000000, 0.00000000, +0.00000000
410.500000, 0.00000000, +0.00000000, 0.00000000, +0.00000000
409.500000, 0.00000000, +0.00000000, 0.00000000, +0.00000000
408.500000, 0.00000000, +0.00000000, 0.00000000, +0.00000000
407.500000, 0.00000000, +0.00000000, 0.00000000, +0.00000000
406.500000, 0.00000000, +0.00000000, 0.00000000, +0.00000000
405.500000, 0.00000000, +0.00000000, 0.00000000, +0.00000000
404.500000, 0.00000000, +0.00000000, 0.00000000, +0.00000000
403.500000, 0.00000000, +0.00000000, 0.00000000, +0.00000000
402.500000, 0.00000000, +0.00000000, 0.00000000, +0.00000000
401.500000, 0.00000000, +0.00000000, 0.00000000, +0.00000000
400.500000, 0.00000000, +0.00000000, 0.00000000, +0.00000000
399.500000, 0.00000000, +0.00000000, 0.00000000, +0.00000000
398.500000, 0.00000000, +0.00000000, 0.00000000, +0.00000000
397.500000, 0.00000000, +0.00000000, 0.00000000, +0.00000000
396.500000, 0.00000000, +0.00000000, 0.00000000, +0.00000000
395.500000, 0.00000000, +0.00000000, 0.00000000, +0.00000000
394.500000, 0.00000000, +0.00000000, 0.00000000, +0.00000000
393.500000, 0.00000000, +0.00000000, 0.00000000, +0.00000000
392.500000, 0.00000000, +0.00000000, 0.00000000, +0.00000000
391.500000, 0.00000000, +0.00000000, 0.00000000, +0.00000000
390.500000, 0.00000000, +0.00000000, 0.00000000, +0.00000000
389.500000, 0.00000000, +0.00000000, 0.00000000, +0.00000000
388.500000, 0.00000000, +0.00000000, 0.00000000, +0.00000000
387.500000, 0.00000000, +0.00000000, 0.00000000, +0.00000000
386.500000, 0.00000000, +0.00000000, 0.00000000, +0.00000000
385.500000, 0.00000000, +0.00000000, 0.00000000, +0.00000000
384.500000, 0.00000000, +0.00000000, 0.00000000, +0.00000000
383.500000, 0.00000000, +0.00000000, 0.00000000, +0.00000000
382.500000, 0.00000000, +0.00000000, 0.00000000, +0.00000000
381.500000, 0.00000000, +0.00000000, 0.00000000, +0.00000000
380.500000, 0.00000000, +0.00000000, 0.00000000, +0.00000000
379.500000, 0.00000000, +0.00000000, 0.00000000, +0.00000000
378.500000, 0.00000000, +0.00000000, 0.00000000, +0.00000000
377.500000, 0.00000000, +0.00000000, 0.00000000, +0.00000000
376.500000, 0.00000000, +0.00000000, 0.00000000, +0.00000000
375.500000, 0.00000000, +0.00000000, 0.00000000, +0.00000000
374.500000, 0.00000000, +0.00000000, 0.00000000, +0.00000000
373.500000, 0.00000000, +0.00000000, 0.00000000, +0.00000000
372.500000, 0.00000000, +0.00000000, 0.00000000, +0.00000000
371.500000, 0.00000000, +0.00000000, 0.00000000, +0.00000000
370.500000, 0.00000000, +0.00000000, 0.00000000, +0.00000000
369.500000, 0.00000000, +0.00000000, 0.00000000, +0.00000000
368.500000, 0.00000000, +0.00000000, 0.00000000, +0.00000000
367.500000, 0.00000000, +0.00000000, 0.00000000, +0.00000000
366.500000, 0.00000000, +0.00000000, 0.00000000, +0.00000000
365.500000, 0.00000000, +0.00000000, 0.00000000, +0.00000000
364.500000, 0.00000000, +0.00000000, 0.00000000, +0.00000000
363.500000, 0.00000000, +0.00000000, 0.00000000, +0.00000000
362.500000, 0.00000000, +0.00000000, 0.00000000, +0.00000000
361.500000, 0.00000000, +0.00000000, 0.00000000, +0.00000000
360.500000, 0.00000000, +0.00000000, 0.00000000, +0.00000000
359.500000, 0.00000000, +0.00000000, 0.00000000, +0.00000000
358.500000, 0.00000000, +0.00000000, 0.00000000, +0.00000000
357.500000, 0.00000000, +0.00000000, 0.00000000, +0.00000000
356.500000, 0.00000000, +0.00000000, 0.00000000, +0.00000000
355.500000, 0.00000000, +0.00000000, 0.00000000, +0.00000000
354.500000, 0.00000000, +0.00000000, 0.00000000, +0.00000000
353.500000, 0.00000000, +0.00000000, 0.00000000, +0.00000000
352.500000, 0.00000000, +0.00000000, 0.00000000, +0.00000000
351.500000, 0.00000000, +0.00000000, 0.00000000, +0.00000000
350.500000, 0.00000000, +0.00000000, 0.00000000, +0.00000000
349.500000, 0.00000000, +0.00000000, 0.00000000, +0.00000000
348.500000, 0.00000000, +0.00000000, 0.00000000, +0.00000000
347.500000, 0.00000000, +0.00000000, 0.00000000, +0.00000000
346.500000, 0.00000000, +0.00000000, 0.00000000, +0.00000000
345.500000, 0.00000000, +0.00000000, 0.00000000, +0.00000000
344.500000, 0.00000000, +0.00000000, 0.00000000, +0.00000000
343.500000, 0.00000000, +0.00000000, 0.00000000, +0.00000000
342.500000, 0.00000000, +0.00000000, 0.00000000, +0.00000000
341.500000, 0.00000000, +0.00000000, 0.00000000, +0.00000000
340.500000, 0.00000000, +0.00000000, 0.00000000, +0.00000000
339.500000, 0.00000000, +0.00000000, 0.00000000, +0.00000000
338.500000, 0.00000000, +0.00000000, 0.00000000, +0.00000000
337.500000, 0.00000000, +0.00000000, 0.00000000, +0.00000000
336.500000, 50.8495313, +60.8018980, -1.8765e-3, -0.00234906
335.500000, 21.6712536, +25.9131951, -4.7894e-3, -0.00597250
334.500000, 21.6712536, +25.9131951, -6.8622e-3, -0.00852129
333.500000, 13.0973274, +15.6615236, -8.4946e-3, -0.01052771
332.500000, 13.0973274, +15.6615236, -9.6867e-3, -0.01199175
331.500000, 13.0973274, +15.6615236, -0.0108788, -0.01345580
330.500000, 13.0973274, +15.6615236, -0.0120709, -0.01491985
329.500000, 8.13259910, +9.72571540, -0.0130322, -0.01609731
328.500000, 8.13259910, +9.72571540, -0.0137625, -0.01698817
327.500000, 8.13259910, +9.72571540, -0.0144929, -0.01787903
326.500000, 8.13259910, +9.72571540, -0.0152233, -0.01876990
325.500000, 8.13259910, +9.72571540, -0.0159537, -0.01966076
324.500000, 8.13259910, +9.72571540, -0.0166840, -0.02055162
323.500000, 8.13259910, +9.72571540, -0.0174144, -0.02144249
322.500000, 8.13259910, +9.72571540, -0.0181448, -0.02233335
321.500000, 4.90436009, +5.86600070, -0.0187049, -0.02301431
320.500000, 4.90436009, +5.86600070, -0.0190947, -0.02348535
319.500000, 4.90436009, +5.86600070, -0.0194845, -0.02395639
318.500000, 4.90436009, +5.86600070, -0.0198743, -0.02442744
317.500000, 4.90436009, +5.86600070, -0.0202641, -0.02489848
316.500000, 4.90436009, +5.86600070, -0.0206539, -0.02536953
315.500000, 4.90436009, +5.86600070, -0.0210437, -0.02584057
314.500000, 4.90436009, +5.86600070, -0.0214335, -0.02631161
313.500000, 4.90436009, +5.86600070, -0.0218233, -0.02678266
312.500000, 4.90436009, +5.86600070, -0.0222131, -0.02725370
311.500000, 4.90436009, +5.86600070, -0.0226029, -0.02772474
310.500000, 4.90436009, +5.86600070, -0.0229927, -0.02819579
309.500000, 4.90436009, +5.86600070, -0.0233825, -0.02866683
308.500000, 4.90436009, +5.86600070, -0.0237723, -0.02913788
307.500000, 4.90436009, +5.86600070, -0.0241621, -0.02960892
306.500000, 4.90436009, +5.86600070, -0.0245519, -0.03007996
305.500000, 2.68538191, +3.21306031, -0.0248267, -0.03040819
304.500000, 2.68538191, +3.21306031, -0.0249866, -0.03059359
303.500000, 2.68538191, +3.21306031, -0.0251465, -0.03077899
302.500000, 2.68538191, +3.21306031, -0.0253064, -0.03096439
301.500000, 2.68538191, +3.21306031, -0.0254663, -0.03114979
300.500000, 2.68538191, +3.21306031, -0.0256263, -0.03133519
299.500000, 2.68538191, +3.21306031, -0.0257862, -0.03152059
298.500000, 2.68538191, +3.21306031, -0.0259461, -0.03170599
297.500000, 2.68538191, +3.21306031, -0.0261060, -0.03189139
296.500000, 2.68538191, +3.21306031, -0.0262659, -0.03207679
295.500000, 2.68538191, +3.21306031, -0.0264258, -0.03226219
294.500000, 2.68538191, +3.21306031, -0.0265857, -0.03244759
293.500000, 2.68538191, +3.21306031, -0.0267456, -0.03263299
292.500000, 2.68538191, +3.21306031, -0.0269055, -0.03281839
291.500000, 2.68538191, +3.21306031, -0.0270654, -0.03300379
290.500000, 2.68538191, +3.21306031, -0.0272253, -0.03318919
289.500000, 2.68538191, +3.21306031, -0.0273852, -0.03337459
288.500000, 2.68538191, +3.21306031, -0.0275451, -0.03355999
287.500000, 2.68538191, +3.21306031, -0.0277050, -0.03374539
286.500000, 2.68538191, +3.21306031, -0.0278649, -0.03393079
285.500000, 2.68538191, +3.21306031, -0.0280248, -0.03411619
284.500000, 2.68538191, +3.21306031, -0.0281847, -0.03430159
283.500000, 2.68538191, +3.21306031, -0.0283446, -0.03448699
282.500000, 2.68538191, +3.21306031, -0.0285045, -0.03467239
281.500000, 2.68538191, +3.21306031, -0.0286644, -0.03485779
280.500000, 2.68538191, +3.21306031, -0.0288244, -0.03504319
279.500000, 2.68538191, +3.21306031, -0.0289843, -0.03522859
278.500000, 2.68538191, +3.21306031, -0.0291442, -0.03541399
277.500000, 2.68538191, +3.21306031, -0.0293041, -0.03559939
276.500000, 2.68538191, +3.21306031, -0.0294640, -0.03578479
275.500000, 2.68538191, +3.21306031, -0.0296239, -0.03597019
274.500000, 2.68538191, +3.21306031, -0.0297838, -0.03615559
273.500000, 1.16709332, +1.39750329, -0.0297864, -0.03615814
272.500000, 1.16709332, +1.39750329, -0.0296317, -0.03597785
271.500000, 1.16709332, +1.39750329, -0.0294769, -0.03579755
270.500000, 1.16709332, +1.39750329, -0.0293222, -0.03561726
269.500000, 1.16709332, +1.39750329, -0.0291675, -0.03543696
268.500000, 1.16709332, +1.39750329, -0.0290128, -0.03525667
267.500000, 1.16709332, +1.39750329, -0.0288581, -0.03507637
266.500000, 1.16709332, +1.39750329, -0.0287034, -0.03489608
265.500000, 1.16709332, +1.39750329, -0.0285487, -0.03471578
264.500000, 1.16709332, +1.39750329, -0.0283939, -0.03453548
263.500000, 1.16709332, +1.39750329, -0.0282392, -0.03435519
262.500000, 1.16709332, +1.39750329, -0.0280845, -0.03417489
261.500000, 1.16709332, +1.39750329, -0.0279298, -0.03399460
260.500000, 1.16709332, +1.39750329, -0.0277751, -0.03381430
259.500000, 1.16709332, +1.39750329, -0.0276204, -0.03363401
258.500000, 1.16709332, +1.39750329, -0.0274656, -0.03345371
257.500000, 1.16709332, +1.39750329, -0.0273109, -0.03327342
256.500000, 1.16709332, +1.39750329, -0.0271562, -0.03309312
255.500000, 1.16709332, +1.39750329, -0.0270015, -0.03291282
254.500000, 1.16709332, +1.39750329, -0.0268468, -0.03273253
253.500000, 1.16709332, +1.39750329, -0.0266921, -0.03255223
252.500000, 1.16709332, +1.39750329, -0.0265374, -0.03237194
251.500000, 1.16709332, +1.39750329, -0.0263826, -0.03219164
250.500000, 1.16709332, +1.39750329, -0.0262279, -0.03201135
249.500000, 1.16709332, +1.39750329, -0.0260732, -0.03183105
248.500000, 1.16709332, +1.39750329, -0.0259185, -0.03165076
247.500000, 1.16709332, +1.39750329, -0.0257638, -0.03147046
246.500000, 1.16709332, +1.39750329, -0.0256091, -0.03129016
245.500000, 1.16709332, +1.39750329, -0.0254543, -0.03110987
244.500000, 1.16709332, +1.39750329, -0.0252996, -0.03092957
243.500000, 1.16709332, +1.39750329, -0.0251449, -0.03074928
242.500000, 1.16709332, +1.39750329, -0.0249902, -0.03056898
241.500000, 1.16709332, +1.39750329, -0.0248355, -0.03038869
240.500000, 1.16709332, +1.39750329, -0.0246808, -0.03020839
239.500000, 1.16709332, +1.39750329, -0.0245261, -0.03002810
238.500000, 1.16709332, +1.39750329, -0.0243713, -0.02984780
237.500000, 1.16709332, +1.39750329, -0.0242166, -0.02966751
236.500000, 1.16709332, +1.39750329, -0.0240619, -0.02948721
235.500000, 1.16709332, +1.39750329, -0.0239072, -0.02930691
234.500000, 1.16709332, +1.39750329, -0.0237525, -0.02912662
233.500000, 1.16709332, +1.39750329, -0.0235978, -0.02894632
232.500000, 1.16709332, +1.39750329, -0.0234430, -0.02876603
231.500000, 1.16709332, +1.39750329, -0.0232883, -0.02858573
230.500000, 1.16709332, +1.39750329, -0.0231336, -0.02840544
229.500000, 1.16709332, +1.39750329, -0.0229789, -0.02822514
228.500000, 1.16709332, +1.39750329, -0.0228242, -0.02804485
227.500000, 1.16709332, +1.39750329, -0.0226695, -0.02786455
226.500000, 1.16709332, +1.39750329, -0.0225148, -0.02768425
225.500000, 1.16709332, +1.39750329, -0.0223600, -0.02750396
224.500000, 1.16709332, +1.39750329, -0.0222053, -0.02732366
223.500000, 1.16709332, +1.39750329, -0.0220506, -0.02714337
222.500000, 1.16709332, +1.39750329, -0.0218959, -0.02696307
221.500000, 1.16709332, +1.39750329, -0.0217412, -0.02678278
220.500000, 1.16709332, +1.39750329, -0.0215865, -0.02660248
219.500000, 1.16709332, +1.39750329, -0.0214317, -0.02642219
218.500000, 1.16709332, +1.39750329, -0.0212770, -0.02624189
217.500000, 1.16709332, +1.39750329, -0.0211223, -0.02606160
216.500000, 1.16709332, +1.39750329, -0.0209676, -0.02588130
215.500000, 1.16709332, +1.39750329, -0.0208129, -0.02570100
214.500000, 1.16709332, +1.39750329, -0.0206582, -0.02552071
213.500000, 1.16709332, +1.39750329, -0.0205035, -0.02534041
212.500000, 1.16709332, +1.39750329, -0.0203487, -0.02516012
211.500000, 1.16709332, +1.39750329, -0.0201940, -0.02497982
210.500000, 1.16709332, +1.39750329, -0.0200393, -0.02479953
209.500000, 0.50477766, +0.60505168, -0.0198887, -0.02462306
208.500000, 0.50477766, +0.60505168, -0.0197423, -0.02445044
207.500000, 0.50477766, +0.60505168, -0.0195959, -0.02427781
206.500000, 0.50477766, +0.60505168, -0.0194495, -0.02410518
205.500000, 0.50477766, +0.60505168, -0.0193031, -0.02393255
204.500000, 0.50477766, +0.60505168, -0.0191567, -0.02375993
203.500000, 0.50477766, +0.60505168, -0.0190103, -0.02358730
202.500000, 0.50477766, +0.60505168, -0.0188639, -0.02341467
201.500000, 0.50477766, +0.60505168, -0.0187174, -0.02324204
200.500000, 0.50477766, +0.60505168, -0.0185710, -0.02306941
199.500000, 0.50477766, +0.60505168, -0.0184246, -0.02289679
198.500000, 0.50477766, +0.60505168, -0.0182782, -0.02272416
197.500000, 0.50477766, +0.60505168, -0.0181318, -0.02255153
196.500000, 0.50477766, +0.60505168, -0.0179854, -0.02237890
195.500000, 0.50477766, +0.60505168, -0.0178390, -0.02220627
194.500000, 0.50477766, +0.60505168, -0.0176926, -0.02203365
193.500000, 0.50477766, +0.60505168, -0.0175461, -0.02186102
192.500000, 0.50477766, +0.60505168, -0.0173997, -0.02168839
191.500000, 0.50477766, +0.60505168, -0.0172533, -0.02151576
190.500000, 0.50477766, +0.60505168, -0.0171069, -0.02134313
189.500000, 0.50477766, +0.60505168, -0.0169605, -0.02117051
188.500000, 0.50477766, +0.60505168, -0.0168141, -0.02099788
187.500000, 0.50477766, +0.60505168, -0.0166677, -0.02082525
186.500000, 0.50477766, +0.60505168, -0.0165212, -0.02065262
185.500000, 0.50477766, +0.60505168, -0.0163748, -0.02047999
184.500000, 0.50477766, +0.60505168, -0.0162284, -0.02030737
183.500000, 0.50477766, +0.60505168, -0.0160820, -0.02013474
182.500000, 0.50477766, +0.60505168, -0.0159356, -0.01996211
181.500000, 0.50477766, +0.60505168, -0.0157892, -0.01978948
180.500000, 0.50477766, +0.60505168, -0.0156428, -0.01961685
179.500000, 0.50477766, +0.60505168, -0.0154964, -0.01944423
178.500000, 0.50477766, +0.60505168, -0.0153499, -0.01927160
177.500000, 0.50477766, +0.60505168, -0.0152035, -0.01909897
176.500000, 0.50477766, +0.60505168, -0.0150571, -0.01892634
175.500000, 0.50477766, +0.60505168, -0.0149107, -0.01875371
174.500000, 0.50477766, +0.60505168, -0.0147643, -0.01858109
173.500000, 0.50477766, +0.60505168, -0.0146179, -0.01840846
172.500000, 0.50477766, +0.60505168, -0.0144715, -0.01823583
171.500000, 0.50477766, +0.60505168, -0.0143251, -0.01806320
170.500000, 0.50477766, +0.60505168, -0.0141786, -0.01789057
169.500000, 0.50477766, +0.60505168, -0.0140322, -0.01771795
168.500000, 0.50477766, +0.60505168, -0.0138858, -0.01754532
167.500000, 0.50477766, +0.60505168, -0.0137394, -0.01737269
166.500000, 0.50477766, +0.60505168, -0.0135930, -0.01720006
165.500000, 0.50477766, +0.60505168, -0.0134466, -0.01702744
164.500000, 0.50477766, +0.60505168, -0.0133002, -0.01685481
163.500000, 0.50477766, +0.60505168, -0.0131538, -0.01668218
162.500000, 0.50477766, +0.60505168, -0.0130073, -0.01650955
161.500000, 0.50477766, +0.60505168, -0.0128609, -0.01633692
160.500000, 0.50477766, +0.60505168, -0.0127145, -0.01616430
159.500000, 0.50477766, +0.60505168, -0.0125681, -0.01599167
158.500000, 0.50477766, +0.60505168, -0.0124217, -0.01581904
157.500000, 0.50477766, +0.60505168, -0.0122753, -0.01564641
156.500000, 0.50477766, +0.60505168, -0.0121289, -0.01547378
155.500000, 0.50477766, +0.60505168, -0.0119825, -0.01530116
154.500000, 0.29756947, +0.35684376, -0.0118726, -0.01517052
153.500000, 0.29756947, +0.35684376, -0.0117992, -0.01508186
152.500000, 0.29756947, +0.35684376, -0.0117259, -0.01499321
151.500000, 0.29756947, +0.35684376, -0.0116525, -0.01490456
150.500000, 0.29756947, +0.35684376, -0.0115791, -0.01481591
149.500000, 0.29756947, +0.35684376, -0.0115058, -0.01472726
148.500000, 0.29756947, +0.35684376, -0.0114324, -0.01463861
147.500000, 0.29756947, +0.35684376, -0.0113591, -0.01454996
146.500000, 0.29756947, +0.35684376, -0.0112857, -0.01446131
145.500000, 0.29756947, +0.35684376, -0.0112124, -0.01437265
144.500000, 0.29756947, +0.35684376, -0.0111390, -0.01428400
143.500000, 0.29756947, +0.35684376, -0.0110657, -0.01419535
142.500000, 0.29756947, +0.35684376, -0.0109923, -0.01410670
141.500000, 0.29756947, +0.35684376, -0.0109189, -0.01401805
140.500000, 0.29756947, +0.35684376, -0.0108456, -0.01392940
139.500000, 0.29756947, +0.35684376, -0.0107722, -0.01384075
138.500000, 0.29756947, +0.35684376, -0.0106989, -0.01375210
137.500000, 0.29756947, +0.35684376, -0.0106255, -0.01366344
136.500000, 0.29756947, +0.35684376, -0.0105522, -0.01357479
135.500000, 0.29756947, +0.35684376, -0.0104788, -0.01348614
134.500000, 0.29756947, +0.35684376, -0.0104055, -0.01339749
133.500000, 0.29756947, +0.35684376, -0.0103321, -0.01330884
132.500000, 0.29756947, +0.35684376, -0.0102587, -0.01322019
131.500000, 0.29756947, +0.35684376, -0.0101854, -0.01313154
130.500000, 0.29756947, +0.35684376, -0.0101120, -0.01304288
129.500000, 0.29756947, +0.35684376, -0.0100387, -0.01295423
128.500000, 0.29756947, +0.35684376, -9.9653e-3, -0.01286558
127.500000, 0.29756947, +0.35684376, -9.8920e-3, -0.01277693
126.500000, 0.29756947, +0.35684376, -9.8186e-3, -0.01268828
125.500000, 0.29756947, +0.35684376, -9.7453e-3, -0.01259963
124.500000, 0.29756947, +0.35684376, -9.6719e-3, -0.01251098
123.500000, 0.29756947, +0.35684376, -9.5985e-3, -0.01242233
122.500000, 0.29756947, +0.35684376, -9.5252e-3, -0.01233367
121.500000, 0.29756947, +0.35684376, -9.4518e-3, -0.01224502
120.500000, 0.29756947, +0.35684376, -9.3785e-3, -0.01215637
119.500000, 0.29756947, +0.35684376, -9.3051e-3, -0.01206772
118.500000, 0.29756947, +0.35684376, -9.2318e-3, -0.01197907
117.500000, 0.29756947, +0.35684376, -9.1584e-3, -0.01189042
116.500000, 0.29756947, +0.35684376, -9.0851e-3, -0.01180177
115.500000, 0.29756947, +0.35684376, -9.0117e-3, -0.01171312
114.500000, 0.29756947, +0.35684376, -8.9384e-3, -0.01162446
113.500000, 0.29756947, +0.35684376, -8.8650e-3, -0.01153581
112.500000, 0.29756947, +0.35684376, -8.7916e-3, -0.01144716
111.500000, 0.29756947, +0.35684376, -8.7183e-3, -0.01135851
110.500000, 0.29756947, +0.35684376, -8.6449e-3, -0.01126986
109.500000, 0.29756947, +0.35684376, -8.5716e-3, -0.01118121
108.500000, 0.29756947, +0.35684376, -8.4982e-3, -0.01109256
107.500000, 0.29756947, +0.35684376, -8.4249e-3, -0.01100390
106.500000, 0.29756947, +0.35684376, -8.3515e-3, -0.01091525
105.500000, 0.29756947, +0.35684376, -8.2782e-3, -0.01082660
104.500000, 0.29756947, +0.35684376, -8.2048e-3, -0.01073795
103.500000, 0.29756947, +0.35684376, -8.1314e-3, -0.01064930
102.500000, 0.29756947, +0.35684376, -8.0581e-3, -0.01056065
101.500000, 0.29756947, +0.35684376, -7.9847e-3, -0.01047200
100.500000, 0.29756947, +0.35684376, -7.9114e-3, -0.01038335
99.5000000, 0.09958375, +0.11947221, -7.8572e-3, -0.01031819
98.5000000, 0.09958375, +0.11947221, -7.8221e-3, -0.01027654
97.5000000, 0.09958375, +0.11947221, -7.7870e-3, -0.01023488
96.5000000, 0.09958375, +0.11947221, -7.7519e-3, -0.01019323
95.5000000, 0.09958375, +0.11947221, -7.7168e-3, -0.01015157
94.5000000, 0.09958375, +0.11947221, -7.6817e-3, -0.01010992
93.5000000, 0.09958375, +0.11947221, -7.6466e-3, -0.01006827
92.5000000, 0.09958375, +0.11947221, -7.6115e-3, -0.01002661
91.5000000, 0.09958375, +0.11947221, -7.5764e-3, -0.00998496
90.5000000, 0.09958375, +0.11947221, -7.5413e-3, -0.00994330
89.5000000, 0.09958375, +0.11947221, -7.5062e-3, -0.00990165
88.5000000, 0.09958375, +0.11947221, -7.4711e-3, -0.00985999
87.5000000, 0.09958375, +0.11947221, -7.4360e-3, -0.00981834
86.5000000, 0.09958375, +0.11947221, -7.4009e-3, -0.00977668
85.5000000, 0.09958375, +0.11947221, -7.3658e-3, -0.00973503
84.5000000, 0.09958375, +0.11947221, -7.3307e-3, -0.00969338
83.5000000, 0.09958375, +0.11947221, -7.2956e-3, -0.00965172
82.5000000, 0.09958375, +0.11947221, -7.2605e-3, -0.00961007
81.5000000, 0.09958375, +0.11947221, -7.2254e-3, -0.00956841
80.5000000, 0.09958375, +0.11947221, -7.1904e-3, -0.00952676
79.5000000, 0.09958375, +0.11947221, -7.1553e-3, -0.00948510
78.5000000, 0.09958375, +0.11947221, -7.1202e-3, -0.00944345
77.5000000, 0.09958375, +0.11947221, -7.0851e-3, -0.00940179
76.5000000, 0.09958375, +0.11947221, -7.0500e-3, -0.00936014
75.5000000, 0.09958375, +0.11947221, -7.0149e-3, -0.00931848
74.5000000, 0.09958375, +0.11947221, -6.9798e-3, -0.00927683
73.5000000, 0.09958375, +0.11947221, -6.9447e-3, -0.00923518
72.5000000, 0.09958375, +0.11947221, -6.9096e-3, -0.00919352
71.5000000, 0.09958375, +0.11947221, -6.8745e-3, -0.00915187
70.5000000, 0.09958375, +0.11947221, -6.8394e-3, -0.00911021
69.5000000, 0.09958375, +0.11947221, -6.8043e-3, -0.00906856
68.5000000, 0.09958375, +0.11947221, -6.7692e-3, -0.00902690
67.5000000, 0.09958375, +0.11947221, -6.7341e-3, -0.00898525
66.5000000, 0.09958375, +0.11947221, -6.6990e-3, -0.00894359
65.5000000, 0.09958375, +0.11947221, -6.6639e-3, -0.00890194
64.5000000, 0.09958375, +0.11947221, -6.6288e-3, -0.00886029
63.5000000, 0.09958375, +0.11947221, -6.5937e-3, -0.00881863
62.5000000, 0.09958375, +0.11947221, -6.5586e-3, -0.00877698
61.5000000, 0.09958375, +0.11947221, -6.5236e-3, -0.00873532
60.5000000, 0.09958375, +0.11947221, -6.4885e-3, -0.00869367
59.5000000, 0.09958375, +0.11947221, -6.4534e-3, -0.00865201
58.5000000, 0.09958375, +0.11947221, -6.4183e-3, -0.00861036
57.5000000, 0.09958375, +0.11947221, -6.3832e-3, -0.00856870
56.5000000, 0.09958375, +0.11947221, -6.3481e-3, -0.00852705
55.5000000, 0.09958375, +0.11947221, -6.3130e-3, -0.00848539
54.5000000, 0.09958375, +0.11947221, -6.2779e-3, -0.00844374
53.5000000, 0.09958375, +0.11947221, -6.2428e-3, -0.00840209
52.5000000, 0.09958375, +0.11947221, -6.2077e-3, -0.00836043
51.5000000, 0.09958375, +0.11947221, -6.1726e-3, -0.00831878
50.5000000, 0.09958375, +0.11947221, -6.1375e-3, -0.00827712
49.5000000, 0.09958375, +0.11947221, -6.1024e-3, -0.00823547
48.5000000, 0.09958375, +0.11947221, -6.0673e-3, -0.00819381
47.5000000, 0.09958375, +0.11947221, -6.0322e-3, -0.00815216
46.5000000, 0.09958375, +0.11947221, -5.9971e-3, -0.00811050
45.5000000, 0.09958375, +0.11947221, -5.9620e-3, -0.00806885
44.5000000, 0.09958375, +0.11947221, -5.9269e-3, -0.00802720
43.5000000, 0.09958375, +0.11947221, -5.8918e-3, -0.00798554
42.5000000, 0.09958375, +0.11947221, -5.8567e-3, -0.00794389
41.5000000, 0.09958375, +0.11947221, -5.8217e-3, -0.00790223
40.5000000, 0.09958375, +0.11947221, -5.7866e-3, -0.00786058
39.5000000, 0.09958375, +0.11947221, -5.7515e-3, -0.00781892
38.5000000, 0.09958375, +0.11947221, -5.7164e-3, -0.00777727
37.5000000, 0.09958375, +0.11947221, -5.6813e-3, -0.00773561
36.5000000, 0.09958375, +0.11947221, -5.6462e-3, -0.00769396
35.5000000, 0.09958375, +0.11947221, -5.6111e-3, -0.00765230
34.5000000, 0.09958375, +0.11947221, -5.5760e-3, -0.00761065
33.5000000, 0.09958375, +0.11947221, -5.5409e-3, -0.00756900
32.5000000, 0.09958375, +0.11947221, -5.5058e-3, -0.00752734
31.5000000, 0.09958375, +0.11947221, -5.4707e-3, -0.00748569
30.5000000, 0.09958375, +0.11947221, -5.4356e-3, -0.00744403
29.5000000, 0.09958375, +0.11947221, -5.4005e-3, -0.00740238
28.5000000, 0.09958375, +0.11947221, -5.3654e-3, -0.00736072
27.5000000, 0.09958375, +0.11947221, -5.3303e-3, -0.00731907
26.5000000, 0.09958375, +0.11947221, -5.2952e-3, -0.00727741
25.5000000, 0.09958375, +0.11947221, -5.2601e-3, -0.00723576
24.5000000, 0.09958375, +0.11947221, -5.2250e-3, -0.00719411
23.5000000, 0.09958375, +0.11947221, -5.1899e-3, -0.00715245
22.5000000, 0.09958375, +0.11947221, -5.1549e-3, -0.00711080
21.5000000, 0.09958375, +0.11947221, -5.1198e-3, -0.00706914
20.5000000, 0.09958375, +0.11947221, -5.0847e-3, -0.00702749
19.5000000, 0.09958375, +0.11947221, -5.0496e-3, -0.00698583
18.5000000, 0.09958375, +0.11947221, -5.0145e-3, -0.00694418
17.5000000, 0.09958375, +0.11947221, -4.9794e-3, -0.00690252
16.5000000, 0.09958375, +0.11947221, -4.9443e-3, -0.00686087
15.5000000, 0.09958375, +0.11947221, -4.9092e-3, -0.00681921
14.5000000, 0.09958375, +0.11947221, -4.8741e-3, -0.00677756
13.5000000, 0.09958375, +0.11947221, -4.8390e-3, -0.00673591
12.5000000, 0.09958375, +0.11947221, -4.8039e-3, -0.00669425
11.5000000, 0.09958375, +0.11947221, -4.7688e-3, -0.00665260
10.5000000, 0.09958375, +0.11947221, -4.7337e-3, -0.00661094
9.50000000, 0.09958375, +0.11947221, -4.6986e-3, -0.00656929
8.50000000, 0.09958375, +0.11947221, -4.6635e-3, -0.00652763
7.50000000, 0.09958375, +0.11947221, -4.6284e-3, -0.00648598
6.50000000, 0.09958375, +0.11947221, -4.5933e-3, -0.00644432
5.50000000, 0.09958375, +0.11947221, -4.5582e-3, -0.00640267
4.50000000, 0.09958375, +0.11947221, -4.5231e-3, -0.00636102
3.50000000, 0.09958375, +0.11947221, -4.4881e-3, -0.00631936
2.50000000, 0.09958375, +0.11947221, -4.4530e-3, -0.00627771
1.50000000, 0.09958375, +0.11947221, -4.4179e-3, -0.00623605
0.50000000, 0.09958375, +0.11947221, -4.3828e-3, -0.00619440
